timestamp,armed_time,takeoff_time,nav_state_timestamp,valid_nav_states_mask,can_set_nav_states_mask,failure_detector_status,arming_state,latest_arming_reason,latest_disarming_reason,nav_state_user_intention,nav_state,executor_in_charge,hil_state,vehicle_type,failsafe,failsafe_and_user_took_over,failsafe_defer_state,gcs_connection_lost,gcs_connection_lost_counter,high_latency_data_link_lost,is_vtol,is_vtol_tailsitter,in_transition_mode,in_transition_to_fw,system_type,system_id,component_id,safety_button_available,safety_off,power_input_valid,usb_connected,open_drone_id_system_present,open_drone_id_system_healthy,parachute_system_present,parachute_system_healthy,avoidance_system_required,avoidance_system_valid,rc_calibration_in_progress,calibration_enabled,pre_flight_checks_pass
1062777422,1062777293,0,1062776822,2147411071,8307839,0,2,4,6,17,17,0,0,1,0,0,0,0,0,0,1,0,0,0,22,1,1,1,1,1,0,0,0,0,0,0,0,0,0,1
1062936877,1062777293,0,1062776822,2147411071,8307839,0,2,4,6,17,17,0,0,1,0,0,0,0,0,0,1,0,0,0,22,1,1,1,1,1,0,0,0,0,0,0,0,0,0,1
1063443813,1062777293,0,1062776822,2147411071,8307839,0,2,4,6,17,17,0,0,1,0,0,0,0,0,0,1,0,0,0,22,1,1,1,1,1,0,0,0,0,0,0,0,0,0,1
1063950847,1062777293,0,1062776822,2147411071,8307839,0,2,4,6,17,17,0,0,1,0,0,0,0,0,0,1,0,0,0,22,1,1,1,1,1,0,0,0,0,0,0,0,0,0,1
1064457812,1062777293,0,1062776822,2147411071,8307839,0,2,4,6,17,17,0,0,1,0,0,0,0,0,0,1,0,0,0,22,1,1,1,1,1,0,0,0,0,0,0,0,0,0,1
1064953027,1062777293,0,1062776822,2147411071,8307839,0,2,4,6,17,17,0,0,1,0,0,0,0,0,0,1,0,0,0,22,1,1,1,1,1,0,0,0,0,0,0,0,0,0,1
1065459138,1062777293,1064986487,1062776822,2147411071,8307839,0,2,4,6,17,17,0,0,1,0,0,0,0,0,0,1,0,0,0,22,1,1,1,1,1,0,0,0,0,0,0,0,0,0,1
1065964836,1062777293,1064986487,1062776822,2147411071,8307839,0,2,4,6,17,17,0,0,1,0,0,0,0,0,0,1,0,0,0,22,1,1,1,1,1,0,0,0,0,0,0,0,0,0,1
1066470940,1062777293,1064986487,1062776822,2147411071,8307839,0,2,4,6,17,17,0,0,1,0,0,0,0,0,0,1,0,0,0,22,1,1,1,1,1,0,0,0,0,0,0,0,0,0,1
1066976814,1062777293,1064986487,1062776822,2147411071,8307839,0,2,4,6,17,17,0,0,1,0,0,0,0,0,0,1,0,0,0,22,1,1,1,1,1,0,0,0,0,0,0,0,0,0,1
1067482988,1062777293,1064986487,1062776822,2147411071,8307839,0,2,4,6,17,17,0,0,1,0,0,0,0,0,0,1,0,0,0,22,1,1,1,1,1,0,0,0,0,0,0,0,0,0,1
1067978028,1062777293,1064986487,1062776822,2147411071,8307839,0,2,4,6,17,17,0,0,1,0,0,0,0,0,0,1,0,0,0,22,1,1,1,1,1,0,0,0,0,0,0,0,0,0,1
1068483811,1062777293,1064986487,1062776822,2147411071,8307839,0,2,4,6,17,17,0,0,1,0,0,0,0,0,0,1,0,0,0,22,1,1,1,1,1,0,0,0,0,0,0,0,0,0,1
1068989813,1062777293,1064986487,1062776822,2147411071,8307839,0,2,4,6,17,17,0,0,1,0,0,0,0,0,0,1,0,0,0,22,1,1,1,1,1,0,0,0,0,0,0,0,0,0,1
1069496811,1062777293,1064986487,1062776822,2147411071,8307839,0,2,4,6,17,17,0,0,1,0,0,0,0,0,0,1,0,0,0,22,1,1,1,1,1,0,0,0,0,0,0,0,0,0,1
1070003145,1062777293,1064986487,1062776822,2147411071,8307839,0,2,4,6,17,17,0,0,1,0,0,0,0,0,0,1,0,0,0,22,1,1,1,1,1,0,0,0,0,0,0,0,0,0,1
1070508988,1062777293,1064986487,1062776822,2147411071,8307839,0,2,4,6,17,17,0,0,1,0,0,0,0,0,0,1,0,0,0,22,1,1,1,1,1,0,0,0,0,0,0,0,0,0,1
1071003811,1062777293,1064986487,1062776822,2147411071,8307839,0,2,4,6,17,17,0,0,1,0,0,0,0,0,0,1,0,0,0,22,1,1,1,1,1,0,0,0,0,0,0,0,0,0,1
1071509811,1062777293,1064986487,1062776822,2147411071,8307839,0,2,4,6,17,17,0,0,1,0,0,0,0,0,0,1,0,0,0,22,1,1,1,1,1,0,0,0,0,0,0,0,0,0,1
1072017016,1062777293,1064986487,1072016805,2147411071,8307839,0,2,4,6,4,4,0,0,1,0,0,0,0,0,0,1,0,0,0,22,1,1,1,1,1,0,0,0,0,0,0,0,0,0,1
1072149818,1062777293,1064986487,1072016805,2147411071,8307839,0,2,4,6,4,4,0,0,1,0,0,0,0,0,0,1,0,0,0,22,1,1,1,1,1,0,0,0,0,0,0,0,0,0,1
1072161566,1062777293,1064986487,1072160803,2147411071,8307839,0,2,4,6,14,14,0,0,1,0,0,0,0,0,0,1,0,0,0,22,1,1,1,1,1,0,0,0,0,0,0,0,0,0,1
1072204838,1062777293,1064986487,1072160803,2147411071,8307839,0,2,4,6,14,14,0,0,1,0,0,0,0,0,0,1,0,0,0,22,1,1,1,1,1,0,0,0,0,0,0,0,0,0,1
1072711015,1062777293,1064986487,1072160803,2147411071,8307839,0,2,4,6,14,14,0,0,1,0,0,0,0,0,0,1,0,0,0,22,1,1,1,1,1,0,0,0,0,0,0,0,0,0,1
1073018813,1062777293,1064986487,1072160803,2147411071,8307839,0,2,4,6,14,14,0,0,1,0,0,0,0,0,0,1,0,0,0,22,1,1,1,1,1,0,0,0,0,0,0,0,0,0,1
1073524849,1062777293,1064986487,1072160803,2147411071,8307839,0,2,4,6,14,14,0,0,1,0,0,0,0,0,0,1,0,0,0,22,1,1,1,1,1,0,0,0,0,0,0,0,0,0,1
1074031011,1062777293,1064986487,1072160803,2147411071,8307839,0,2,4,6,14,14,0,0,1,0,0,0,0,0,0,1,0,0,0,22,1,1,1,1,1,0,0,0,0,0,0,0,0,0,1
1074537951,1062777293,1064986487,1072160803,2147411071,8307839,0,2,4,6,14,14,0,0,1,0,0,0,0,0,0,1,0,0,0,22,1,1,1,1,1,0,0,0,0,0,0,0,0,0,1
1075043931,1062777293,1064986487,1072160803,2147411071,8307839,0,2,4,6,14,14,0,0,1,0,0,0,0,0,0,1,0,0,0,22,1,1,1,1,1,0,0,0,0,0,0,0,0,0,1
1075549811,1062777293,1064986487,1072160803,2147411071,8307839,0,2,4,6,14,14,0,0,1,0,0,0,0,0,0,1,0,0,0,22,1,1,1,1,1,0,0,0,0,0,0,0,0,0,1
1076045813,1062777293,1064986487,1072160803,2147411071,8307839,0,2,4,6,14,14,0,0,1,0,0,0,0,0,0,1,0,0,0,22,1,1,1,1,1,0,0,0,0,0,0,0,0,0,1
1076551999,1062777293,1064986487,1072160803,2147411071,8307839,0,2,4,6,14,14,0,0,1,0,0,0,0,0,0,1,0,0,0,22,1,1,1,1,1,0,0,0,0,0,0,0,0,0,1
1076585592,1062777293,1064986487,1072160803,2147411071,8307839,0,2,4,6,14,14,0,0,1,0,0,0,0,0,0,1,0,0,0,22,1,1,1,1,1,0,0,0,0,0,0,0,0,0,1
1076596081,1062777293,1064986487,1076595821,2147411071,8307839,0,2,4,6,3,3,0,0,1,0,0,0,0,0,0,1,0,0,0,22,1,1,1,1,1,0,0,0,0,0,0,0,0,0,1
1077057816,1062777293,1064986487,1076595821,2147411071,8307839,0,2,4,6,3,3,0,0,1,0,0,0,0,0,0,1,0,0,0,22,1,1,1,1,1,0,0,0,0,0,0,0,0,0,1
1077563849,1062777293,1064986487,1076595821,2147411071,8307839,0,2,4,6,3,3,0,0,1,0,0,0,0,0,0,1,0,0,0,22,1,1,1,1,1,0,0,0,0,0,0,0,0,0,1
1078070162,1062777293,1064986487,1076595821,2147411071,8307839,0,2,4,6,3,3,0,0,1,0,0,0,0,0,0,1,0,0,0,22,1,1,1,1,1,0,0,0,0,0,0,0,0,0,1
1078576025,1062777293,1064986487,1076595821,2147411071,8307839,0,2,4,6,3,3,0,0,1,0,0,0,0,0,0,1,0,0,0,22,1,1,1,1,1,0,0,0,0,0,0,0,0,0,1
1079070834,1062777293,1064986487,1076595821,2147411071,8307839,0,2,4,6,3,3,0,0,1,0,0,0,0,0,0,1,0,0,0,22,1,1,1,1,1,0,0,0,0,0,0,0,0,0,1
1079577976,1062777293,1064986487,1076595821,2147411071,8307839,0,2,4,6,3,3,0,0,1,0,0,0,0,0,0,1,0,0,0,22,1,1,1,1,1,0,0,0,0,0,0,0,0,0,1
1080083837,1062777293,1064986487,1076595821,2147411071,8307839,0,2,4,6,3,3,0,0,1,0,0,0,0,0,0,1,0,0,0,22,1,1,1,1,1,0,0,0,0,0,0,0,0,0,1
1080590812,1062777293,1064986487,1076595821,2147411071,8307839,0,2,4,6,3,3,0,0,1,0,0,0,0,0,0,1,0,0,0,22,1,1,1,1,1,0,0,0,0,0,0,0,0,0,1
1081085814,1062777293,1064986487,1076595821,2147411071,8307839,0,2,4,6,3,3,0,0,1,0,0,0,0,0,0,1,0,0,0,22,1,1,1,1,1,0,0,0,0,0,0,0,0,0,1
1081592102,1062777293,1064986487,1076595821,2147411071,8307839,0,2,4,6,3,3,0,0,1,0,0,0,0,0,0,1,0,0,0,22,1,1,1,1,1,0,0,0,0,0,0,0,0,0,1
1082097812,1062777293,1064986487,1076595821,2147411071,8307839,0,2,4,6,3,3,0,0,1,0,0,0,0,0,0,1,0,0,0,22,1,1,1,1,1,0,0,0,0,0,0,0,0,0,1
1082603835,1062777293,1064986487,1076595821,2147411071,8307839,0,2,4,6,3,3,0,0,1,0,0,0,0,0,0,1,0,0,0,22,1,1,1,1,1,0,0,0,0,0,0,0,0,0,1
1083109826,1062777293,1064986487,1076595821,2147411071,8307839,0,2,4,6,3,3,0,0,1,0,0,0,0,0,0,1,0,0,0,22,1,1,1,1,1,0,0,0,0,0,0,0,0,0,1
1083615846,1062777293,1064986487,1076595821,2147411071,8307839,0,2,4,6,3,3,0,0,1,0,0,0,0,0,0,1,0,0,0,22,1,1,1,1,1,0,0,0,0,0,0,0,0,0,1
1084110832,1062777293,1064986487,1076595821,2147411071,8307839,0,2,4,6,3,3,0,0,1,0,0,0,0,0,0,1,0,0,0,22,1,1,1,1,1,0,0,0,0,0,0,0,0,0,1
1084617025,1062777293,1064986487,1076595821,2147411071,8307839,0,2,4,6,3,3,0,0,1,0,0,0,0,0,0,1,0,0,0,22,1,1,1,1,1,0,0,0,0,0,0,0,0,0,1
1084661066,1062777293,1064986487,1076595821,2147411071,8307839,0,2,4,6,3,3,0,0,1,0,0,0,0,0,0,1,0,0,0,22,1,1,1,1,1,0,0,0,0,0,0,0,0,0,1
1084672028,1062777293,1064986487,1084671806,2147411071,8307839,0,2,4,6,14,14,0,0,1,0,0,0,0,0,0,1,0,0,0,22,1,1,1,1,1,0,0,0,0,0,0,0,0,0,1
1084683092,1062777293,1064986487,1084671806,2147411071,8307839,0,2,4,6,14,14,0,0,1,0,0,0,0,0,0,1,0,0,0,22,1,1,1,1,1,0,0,0,0,0,0,0,0,0,1
1084693817,1062777293,1064986487,1084671806,2147411071,8307839,0,2,4,6,14,14,0,0,1,0,0,0,0,0,0,1,0,0,0,22,1,1,1,1,1,0,0,0,0,0,0,0,0,0,1
1085122830,1062777293,1064986487,1084671806,2147411071,8307839,0,2,4,6,14,14,0,0,1,0,0,0,0,0,0,1,0,0,0,22,1,1,1,1,1,0,0,0,0,0,0,0,0,0,1
1085630953,1062777293,1064986487,1084671806,2147411071,8307839,0,2,4,6,14,14,0,0,1,0,0,0,0,0,0,1,0,0,0,22,1,1,1,1,1,0,0,0,0,0,0,0,0,0,1
1086136812,1062777293,1064986487,1084671806,2147411071,8307839,0,2,4,6,14,14,0,0,1,0,0,0,0,0,0,1,0,0,0,22,1,1,1,1,1,0,0,0,0,0,0,0,0,0,1
1086642892,1062777293,1064986487,1084671806,2147411071,8307839,0,2,4,6,14,14,0,0,1,0,0,0,0,0,0,1,0,0,0,22,1,1,1,1,1,0,0,0,0,0,0,0,0,0,1
1087137813,1062777293,1064986487,1084671806,2147411071,8307839,0,2,4,6,14,14,0,0,1,0,0,0,0,0,0,1,0,0,0,22,1,1,1,1,1,0,0,0,0,0,0,0,0,0,1
1087644811,1062777293,1064986487,1084671806,2147411071,8307839,0,2,4,6,14,14,0,0,1,0,0,0,0,0,0,1,0,0,0,22,1,1,1,1,1,0,0,0,0,0,0,0,0,0,1
1088151864,1062777293,1064986487,1084671806,2147411071,8307839,0,2,4,6,14,14,0,0,1,0,0,0,0,0,0,1,0,0,0,22,1,1,1,1,1,0,0,0,0,0,0,0,0,0,1
1088657811,1062777293,1064986487,1084671806,2147411071,8307839,0,2,4,6,14,14,0,0,1,0,0,0,0,0,0,1,0,0,0,22,1,1,1,1,1,0,0,0,0,0,0,0,0,0,1
1089153065,1062777293,1064986487,1084671806,2147411071,8307839,0,2,4,6,14,14,0,0,1,0,0,0,0,0,0,1,0,0,0,22,1,1,1,1,1,0,0,0,0,0,0,0,0,0,1
1089658886,1062777293,1064986487,1084671806,2147411071,8307839,0,2,4,6,14,14,0,0,1,0,0,0,0,0,0,1,0,0,0,22,1,1,1,1,1,0,0,0,0,0,0,0,0,0,1
1090164814,1062777293,1064986487,1084671806,2147411071,8307839,0,2,4,6,14,14,0,0,1,0,0,0,0,0,0,1,0,0,0,22,1,1,1,1,1,0,0,0,0,0,0,0,0,0,1
1090670811,1062777293,1064986487,1084671806,2147411071,8307839,0,2,4,6,14,14,0,0,1,0,0,0,0,0,0,1,0,0,0,22,1,1,1,1,1,0,0,0,0,0,0,0,0,0,1
1091176817,1062777293,1064986487,1084671806,2147411071,8307839,0,2,4,6,14,14,0,0,1,0,0,0,0,0,0,1,0,0,0,22,1,1,1,1,1,0,0,0,0,0,0,0,0,0,1
1091683835,1062777293,1064986487,1084671806,2147411071,8307839,0,2,4,6,14,14,0,0,1,0,0,0,0,0,0,1,0,0,0,22,1,1,1,1,1,0,0,0,0,0,0,0,0,0,1
1092178813,1062777293,1064986487,1084671806,2147411071,8307839,0,2,4,6,14,14,0,0,1,0,0,0,0,0,0,1,0,0,0,22,1,1,1,1,1,0,0,0,0,0,0,0,0,0,1
1092685831,1062777293,1064986487,1084671806,2147411071,8307839,0,2,4,6,14,14,0,0,1,0,0,0,0,0,0,1,0,0,0,22,1,1,1,1,1,0,0,0,0,0,0,0,0,0,1
1093192068,1062777293,1064986487,1084671806,2147411071,8307839,0,2,4,6,14,14,0,0,1,0,0,0,0,0,0,1,0,0,0,22,1,1,1,1,1,0,0,0,0,0,0,0,0,0,1
1093697812,1062777293,1064986487,1084671806,2147411071,8307839,0,2,4,6,14,14,0,0,1,0,0,0,0,0,0,1,0,0,0,22,1,1,1,1,1,0,0,0,0,0,0,0,0,0,1
1094204089,1062777293,1064986487,1084671806,2147411071,8307839,0,2,4,6,14,14,0,0,1,0,0,0,0,0,0,1,0,0,0,22,1,1,1,1,1,0,0,0,0,0,0,0,0,0,1
1094709812,1062777293,1064986487,1084671806,2147411071,8307839,0,2,4,6,14,14,0,0,1,0,0,0,0,0,0,1,0,0,0,22,1,1,1,1,1,0,0,0,0,0,0,0,0,0,1
1095205824,1062777293,1064986487,1084671806,2147411071,8307839,0,2,4,6,14,14,0,0,1,0,0,0,0,0,0,1,0,0,0,22,1,1,1,1,1,0,0,0,0,0,0,0,0,0,1
1095711810,1062777293,1064986487,1084671806,2147411071,8307839,0,2,4,6,14,14,0,0,1,0,0,0,0,0,0,1,0,0,0,22,1,1,1,1,1,0,0,0,0,0,0,0,0,0,1
1096218854,1062777293,1064986487,1084671806,2147411071,8307839,0,2,4,6,14,14,0,0,1,0,0,0,0,0,0,1,0,0,0,22,1,1,1,1,1,0,0,0,0,0,0,0,0,0,1
1096726016,1062777293,1064986487,1084671806,2147411071,8307839,0,2,4,6,14,14,0,0,1,0,0,0,0,0,0,1,0,0,0,22,1,1,1,1,1,0,0,0,0,0,0,0,0,0,1
1097222848,1062777293,1064986487,1084671806,2147411071,8307839,0,2,4,6,14,14,0,0,1,0,0,0,0,0,0,1,0,0,0,22,1,1,1,1,1,0,0,0,0,0,0,0,0,0,1
1097728823,1062777293,1064986487,1084671806,2147411071,8307839,0,2,4,6,14,14,0,0,1,0,0,0,0,0,0,1,0,0,0,22,1,1,1,1,1,0,0,0,0,0,0,0,0,0,1
1098234860,1062777293,1064986487,1084671806,2147411071,8307839,0,2,4,6,14,14,0,0,1,0,0,0,0,0,0,1,0,0,0,22,1,1,1,1,1,0,0,0,0,0,0,0,0,0,1
1098740812,1062777293,1064986487,1084671806,2147411071,8307839,0,2,4,6,14,14,0,0,1,0,0,0,0,0,0,1,0,0,0,22,1,1,1,1,1,0,0,0,0,0,0,0,0,0,1
1099246829,1062777293,1064986487,1084671806,2147411071,8307839,0,2,4,6,14,14,0,0,1,0,0,0,0,0,0,1,0,0,0,22,1,1,1,1,1,0,0,0,0,0,0,0,0,0,1
1099752826,1062777293,1064986487,1084671806,2147411071,8307839,0,2,4,6,14,14,0,0,1,0,0,0,0,0,0,1,0,0,0,22,1,1,1,1,1,0,0,0,0,0,0,0,0,0,1
1100248491,1062777293,1064986487,1084671806,2147411071,8307839,0,2,4,6,14,14,0,0,1,0,0,0,0,0,0,1,0,0,0,22,1,1,1,1,1,0,0,0,0,0,0,0,0,0,1
1100754873,1062777293,1064986487,1084671806,2147411071,8307839,0,2,4,6,14,14,0,0,1,0,0,0,0,0,0,1,0,0,0,22,1,1,1,1,1,0,0,0,0,0,0,0,0,0,1
1101260830,1062777293,1064986487,1084671806,2147411071,8307839,0,2,4,6,14,14,0,0,1,0,0,0,0,0,0,1,0,0,0,22,1,1,1,1,1,0,0,0,0,0,0,0,0,0,1
1101767357,1062777293,1064986487,1084671806,2147411071,8307839,0,2,4,6,14,14,0,0,1,0,0,0,0,0,0,1,0,0,0,22,1,1,1,1,1,0,0,0,0,0,0,0,0,0,1
1102262141,1062777293,1064986487,1084671806,2147411071,8307839,0,2,4,6,14,14,0,0,1,0,0,0,0,0,0,1,0,0,0,22,1,1,1,1,1,0,0,0,0,0,0,0,0,0,1
1102767813,1062777293,1064986487,1084671806,2147411071,8307839,0,2,4,6,14,14,0,0,1,0,0,0,0,0,0,1,0,0,0,22,1,1,1,1,1,0,0,0,0,0,0,0,0,0,1
1103274852,1062777293,1064986487,1084671806,2147411071,8307839,0,2,4,6,14,14,0,0,1,0,0,0,0,0,0,1,0,0,0,22,1,1,1,1,1,0,0,0,0,0,0,0,0,0,1
1103780824,1062777293,1064986487,1084671806,2147411071,8307839,0,2,4,6,14,14,0,0,1,0,0,0,0,0,0,1,0,0,0,22,1,1,1,1,1,0,0,0,0,0,0,0,0,0,1
1104286996,1062777293,1064986487,1084671806,2147411071,8307839,0,2,4,6,14,14,0,0,1,0,0,0,0,0,0,1,0,0,0,22,1,1,1,1,1,0,0,0,0,0,0,0,0,0,1
1104793265,1062777293,1064986487,1084671806,2147411071,8307839,0,2,4,6,14,14,0,0,1,0,0,0,0,0,0,1,0,0,0,22,1,1,1,1,1,0,0,0,0,0,0,0,0,0,1
1105298813,1062777293,1064986487,1084671806,2147411071,8307839,0,2,4,6,14,14,0,0,1,0,0,0,0,0,0,1,0,0,0,22,1,1,1,1,1,0,0,0,0,0,0,0,0,0,1
1105805134,1062777293,1064986487,1084671806,2147411071,8307839,0,2,4,6,14,14,0,0,1,0,0,0,0,0,0,1,0,0,0,22,1,1,1,1,1,0,0,0,0,0,0,0,0,0,1
1106300047,1062777293,1064986487,1084671806,2147411071,8307839,0,2,4,6,14,14,0,0,1,0,0,0,0,0,0,1,0,0,0,22,1,1,1,1,1,0,0,0,0,0,0,0,0,0,1
1106808007,1062777293,1064986487,1084671806,2147411071,8307839,0,2,4,6,14,14,0,0,1,0,0,0,0,0,0,1,0,0,0,22,1,1,1,1,1,0,0,0,0,0,0,0,0,0,1
1107313836,1062777293,1064986487,1084671806,2147411071,8307839,0,2,4,6,14,14,0,0,1,0,0,0,0,0,0,1,0,0,0,22,1,1,1,1,1,0,0,0,0,0,0,0,0,0,1
1107819812,1062777293,1064986487,1084671806,2147411071,8307839,0,2,4,6,14,14,0,0,1,0,0,0,0,0,0,1,0,0,0,22,1,1,1,1,1,0,0,0,0,0,0,0,0,0,1
1108315812,1062777293,1064986487,1084671806,2147411071,8307839,0,2,4,6,14,14,0,0,1,0,0,0,0,0,0,1,0,0,0,22,1,1,1,1,1,0,0,0,0,0,0,0,0,0,1
1108823808,1062777293,1064986487,1084671806,2147411071,8307839,0,2,4,6,14,14,0,0,1,0,0,0,0,0,0,1,0,0,0,22,1,1,1,1,1,0,0,0,0,0,0,0,0,0,1
1109330026,1062777293,1064986487,1084671806,2147411071,8307839,0,2,4,6,14,14,0,0,1,0,0,0,0,0,0,1,0,0,0,22,1,1,1,1,1,0,0,0,0,0,0,0,0,0,1
1109835808,1062777293,1064986487,1084671806,2147411071,8307839,0,2,4,6,14,14,0,0,1,0,0,0,0,0,0,1,0,0,0,22,1,1,1,1,1,0,0,0,0,0,0,0,0,0,1
1110330953,1062777293,1064986487,1084671806,2147411071,8307839,0,2,4,6,14,14,0,0,1,0,0,0,0,0,0,1,0,0,0,22,1,1,1,1,1,0,0,0,0,0,0,0,0,0,1
1110836837,1062777293,1064986487,1084671806,2147411071,8307839,0,2,4,6,14,14,0,0,1,0,0,0,0,0,0,1,0,0,0,22,1,1,1,1,1,0,0,0,0,0,0,0,0,0,1
1111343268,1062777293,1064986487,1084671806,2147411071,8307839,0,2,4,6,14,14,0,0,1,0,0,0,0,0,0,1,0,0,0,22,1,1,1,1,1,0,0,0,0,0,0,0,0,0,1
1111848813,1062777293,1064986487,1084671806,2147411071,8307839,0,2,4,6,14,14,0,0,1,0,0,0,0,0,0,1,0,0,0,22,1,1,1,1,1,0,0,0,0,0,0,0,0,0,1
1112354837,1062777293,1064986487,1084671806,2147411071,8307839,0,2,4,6,14,14,0,0,1,0,0,0,0,0,0,1,0,0,0,22,1,1,1,1,1,0,0,0,0,0,0,0,0,0,1
1112860810,1062777293,1064986487,1084671806,2147411071,8307839,0,2,4,6,14,14,0,0,1,0,0,0,0,0,0,1,0,0,0,22,1,1,1,1,1,0,0,0,0,0,0,0,0,0,1
1113355848,1062777293,1064986487,1084671806,2147411071,8307839,0,2,4,6,14,14,0,0,1,0,0,0,0,0,0,1,0,0,0,22,1,1,1,1,1,0,0,0,0,0,0,0,0,0,1
1113861812,1062777293,1064986487,1084671806,2147411071,8307839,0,2,4,6,14,14,0,0,1,0,0,0,0,0,0,1,0,0,0,22,1,1,1,1,1,0,0,0,0,0,0,0,0,0,1
1114367879,1062777293,1064986487,1084671806,2147411071,8307839,0,2,4,6,14,14,0,0,1,0,0,0,0,0,0,1,0,0,0,22,1,1,1,1,1,0,0,0,0,0,0,0,0,0,1
1114873829,1062777293,1064986487,1084671806,2147411071,8307839,0,2,4,6,14,14,0,0,1,0,0,0,0,0,0,1,0,0,0,22,1,1,1,1,1,0,0,0,0,0,0,0,0,0,1
1115380811,1062777293,1064986487,1084671806,2147411071,8307839,0,2,4,6,14,14,0,0,1,0,0,0,0,0,0,1,0,0,0,22,1,1,1,1,1,0,0,0,0,0,0,0,0,0,1
1115887811,1062777293,1064986487,1084671806,2147411071,8307839,0,2,4,6,14,14,0,0,1,0,0,0,0,0,0,1,0,0,0,22,1,1,1,1,1,0,0,0,0,0,0,0,0,0,1
1116382832,1062777293,1064986487,1084671806,2147411071,8307839,0,2,4,6,14,14,0,0,1,0,0,0,0,0,0,1,0,0,0,22,1,1,1,1,1,0,0,0,0,0,0,0,0,0,1
1116888812,1062777293,1064986487,1084671806,2147411071,8307839,0,2,4,6,14,14,0,0,1,0,0,0,0,0,0,1,0,0,0,22,1,1,1,1,1,0,0,0,0,0,0,0,0,0,1
1117395813,1062777293,1064986487,1084671806,2147411071,8307839,0,2,4,6,14,14,0,0,1,0,0,0,0,0,0,1,0,0,0,22,1,1,1,1,1,0,0,0,0,0,0,0,0,0,1
1117902011,1062777293,1064986487,1084671806,2147411071,8307839,0,2,4,6,14,14,0,0,1,0,0,0,0,0,0,1,0,0,0,22,1,1,1,1,1,0,0,0,0,0,0,0,0,0,1
1118396828,1062777293,1064986487,1084671806,2147411071,8307839,0,2,4,6,14,14,0,0,1,0,0,0,0,0,0,1,0,0,0,22,1,1,1,1,1,0,0,0,0,0,0,0,0,0,1
1118902811,1062777293,1064986487,1084671806,2147411071,8307839,0,2,4,6,14,14,0,0,1,0,0,0,0,0,0,1,0,0,0,22,1,1,1,1,1,0,0,0,0,0,0,0,0,0,1
1119409844,1062777293,1064986487,1084671806,2147411071,8307839,0,2,4,6,14,14,0,0,1,0,0,0,0,0,0,1,0,0,0,22,1,1,1,1,1,0,0,0,0,0,0,0,0,0,1
1119916811,1062777293,1064986487,1084671806,2147411071,8307839,0,2,4,6,14,14,0,0,1,0,0,0,0,0,0,1,0,0,0,22,1,1,1,1,1,0,0,0,0,0,0,0,0,0,1
1120422813,1062777293,1064986487,1084671806,2147411071,8307839,0,2,4,6,14,14,0,0,1,0,0,0,0,0,0,1,0,0,0,22,1,1,1,1,1,0,0,0,0,0,0,0,0,0,1
1120928849,1062777293,1064986487,1084671806,2147411071,8307839,0,2,4,6,14,14,0,0,1,0,0,0,0,0,0,1,0,0,0,22,1,1,1,1,1,0,0,0,0,0,0,0,0,0,1
1121424814,1062777293,1064986487,1084671806,2147411071,8307839,0,2,4,6,14,14,0,0,1,0,0,0,0,0,0,1,0,0,0,22,1,1,1,1,1,0,0,0,0,0,0,0,0,0,1
1121930811,1062777293,1064986487,1084671806,2147411071,8307839,0,2,4,6,14,14,0,0,1,0,0,0,0,0,0,1,0,0,0,22,1,1,1,1,1,0,0,0,0,0,0,0,0,0,1
1122437519,1062777293,1064986487,1084671806,2147411071,8307839,0,2,4,6,14,14,0,0,1,0,0,0,0,0,0,1,0,0,0,22,1,1,1,1,1,0,0,0,0,0,0,0,0,0,1
1122942810,1062777293,1064986487,1084671806,2147411071,8307839,0,2,4,6,14,14,0,0,1,0,0,0,0,0,0,1,0,0,0,22,1,1,1,1,1,0,0,0,0,0,0,0,0,0,1
1123437812,1062777293,1064986487,1084671806,2147411071,8307839,0,2,4,6,14,14,0,0,1,0,0,0,0,0,0,1,0,0,0,22,1,1,1,1,1,0,0,0,0,0,0,0,0,0,1
1123944811,1062777293,1064986487,1084671806,2147411071,8307839,0,2,4,6,14,14,0,0,1,0,0,0,0,0,0,1,0,0,0,22,1,1,1,1,1,0,0,0,0,0,0,0,0,0,1
1124450815,1062777293,1064986487,1084671806,2147411071,8307839,0,2,4,6,14,14,0,0,1,0,0,0,0,0,0,1,0,0,0,22,1,1,1,1,1,0,0,0,0,0,0,0,0,0,1
1124957131,1062777293,1064986487,1084671806,2147411071,8307839,0,2,4,6,14,14,0,0,1,0,0,0,0,0,0,1,0,0,0,22,1,1,1,1,1,0,0,0,0,0,0,0,0,0,1
1125462833,1062777293,1064986487,1084671806,2147411071,8307839,0,2,4,6,14,14,0,0,1,0,0,0,0,0,0,1,0,0,0,22,1,1,1,1,1,0,0,0,0,0,0,0,0,0,1
1125968836,1062777293,1064986487,1084671806,2147411071,8307839,0,2,4,6,14,14,0,0,1,0,0,0,0,0,0,1,0,0,0,22,1,1,1,1,1,0,0,0,0,0,0,0,0,0,1
1126463814,1062777293,1064986487,1084671806,2147411071,8307839,0,2,4,6,14,14,0,0,1,0,0,0,0,0,0,1,0,0,0,22,1,1,1,1,1,0,0,0,0,0,0,0,0,0,1
1126969856,1062777293,1064986487,1084671806,2147411071,8307839,0,2,4,6,14,14,0,0,1,0,0,0,0,0,0,1,0,0,0,22,1,1,1,1,1,0,0,0,0,0,0,0,0,0,1
1127475841,1062777293,1064986487,1084671806,2147411071,8307839,0,2,4,6,14,14,0,0,1,0,0,0,0,0,0,1,0,0,0,22,1,1,1,1,1,0,0,0,0,0,0,0,0,0,1
1127983030,1062777293,1064986487,1084671806,2147411071,8307839,0,2,4,6,14,14,0,0,1,0,0,0,0,0,0,1,0,0,0,22,1,1,1,1,1,0,0,0,0,0,0,0,0,0,1
1128478836,1062777293,1064986487,1084671806,2147411071,8307839,0,2,4,6,14,14,0,0,1,0,0,0,0,0,0,1,0,0,0,22,1,1,1,1,1,0,0,0,0,0,0,0,0,0,1
1128985881,1062777293,1064986487,1084671806,2147411071,8307839,0,2,4,6,14,14,0,0,1,0,0,0,0,0,0,1,0,0,0,22,1,1,1,1,1,0,0,0,0,0,0,0,0,0,1
1129491831,1062777293,1064986487,1084671806,2147411071,8307839,0,2,4,6,14,14,0,0,1,0,0,0,0,0,0,1,0,0,0,22,1,1,1,1,1,0,0,0,0,0,0,0,0,0,1
1129998718,1062777293,1064986487,1084671806,2147411071,8307839,0,2,4,6,14,14,0,0,1,0,0,0,0,0,0,1,0,0,0,22,1,1,1,1,1,0,0,0,0,0,0,0,0,0,1
1130503829,1062777293,1064986487,1084671806,2147411071,8307839,0,2,4,6,14,14,0,0,1,0,0,0,0,0,0,1,0,0,0,22,1,1,1,1,1,0,0,0,0,0,0,0,0,0,1
1131009830,1062777293,1064986487,1084671806,2147411071,8307839,0,2,4,6,14,14,0,0,1,0,0,0,0,0,0,1,0,0,0,22,1,1,1,1,1,0,0,0,0,0,0,0,0,0,1
1131504863,1062777293,1064986487,1084671806,2147411071,8307839,0,2,4,6,14,14,0,0,1,0,0,0,0,0,0,1,0,0,0,22,1,1,1,1,1,0,0,0,0,0,0,0,0,0,1
1132010829,1062777293,1064986487,1084671806,2147411071,8307839,0,2,4,6,14,14,0,0,1,0,0,0,0,0,0,1,0,0,0,22,1,1,1,1,1,0,0,0,0,0,0,0,0,0,1
1132517813,1062777293,1064986487,1084671806,2147411071,8307839,0,2,4,6,14,14,0,0,1,0,0,0,0,0,0,1,0,0,0,22,1,1,1,1,1,0,0,0,0,0,0,0,0,0,1
1133024010,1062777293,1064986487,1084671806,2147411071,8307839,0,2,4,6,14,14,0,0,1,0,0,0,0,0,0,1,0,0,0,22,1,1,1,1,1,0,0,0,0,0,0,0,0,0,1
1133531281,1062777293,1064986487,1084671806,2147411071,8307839,0,2,4,6,14,14,0,0,1,0,0,0,0,0,0,1,0,0,0,22,1,1,1,1,1,0,0,0,0,0,0,0,0,0,1
1134036829,1062777293,1064986487,1084671806,2147411071,8307839,0,2,4,6,14,14,0,0,1,0,0,0,0,0,0,1,0,0,0,22,1,1,1,1,1,0,0,0,0,0,0,0,0,0,1
1134531857,1062777293,1064986487,1084671806,2147411071,8307839,0,2,4,6,14,14,0,0,1,0,0,0,0,0,0,1,0,0,0,22,1,1,1,1,1,0,0,0,0,0,0,0,0,0,1
1135037831,1062777293,1064986487,1084671806,2147411071,8307839,0,2,4,6,14,14,0,0,1,0,0,0,0,0,0,1,0,0,0,22,1,1,1,1,1,0,0,0,0,0,0,0,0,0,1
1135545066,1062777293,1064986487,1084671806,2147411071,8307839,0,2,4,6,14,14,0,0,1,0,0,0,0,0,0,1,0,0,0,22,1,1,1,1,1,0,0,0,0,0,0,0,0,0,1
1136050830,1062777293,1064986487,1084671806,2147411071,8307839,0,2,4,6,14,14,0,0,1,0,0,0,0,0,0,1,0,0,0,22,1,1,1,1,1,0,0,0,0,0,0,0,0,0,1
1136547079,1062777293,1064986487,1084671806,2147411071,8307839,0,2,4,6,14,14,0,0,1,0,0,0,0,0,0,1,0,0,0,22,1,1,1,1,1,0,0,0,0,0,0,0,0,0,1
1137053838,1062777293,1064986487,1084671806,2147411071,8307839,0,2,4,6,14,14,0,0,1,0,0,0,0,0,0,1,0,0,0,22,1,1,1,1,1,0,0,0,0,0,0,0,0,0,1
1137560868,1062777293,1064986487,1084671806,2147411071,8307839,0,2,4,6,14,14,0,0,1,0,0,0,0,0,0,1,0,0,0,22,1,1,1,1,1,0,0,0,0,0,0,0,0,0,1
1138067995,1062777293,1064986487,1084671806,2147411071,8307839,0,2,4,6,14,14,0,0,1,0,0,0,0,0,0,1,0,0,0,22,1,1,1,1,1,0,0,0,0,0,0,0,0,0,1
1138562849,1062777293,1064986487,1084671806,2147411071,8307839,0,2,4,6,14,14,0,0,1,0,0,0,0,0,0,1,0,0,0,22,1,1,1,1,1,0,0,0,0,0,0,0,0,0,1
1139069810,1062777293,1064986487,1084671806,2147411071,8307839,0,2,4,6,14,14,0,0,1,0,0,0,0,0,0,1,0,0,0,22,1,1,1,1,1,0,0,0,0,0,0,0,0,0,1
1139575812,1062777293,1064986487,1084671806,2147411071,8307839,0,2,4,6,14,14,0,0,1,0,0,0,0,0,0,1,0,0,0,22,1,1,1,1,1,0,0,0,0,0,0,0,0,0,1
1140083024,1062777293,1064986487,1084671806,2147411071,8307839,0,2,4,6,14,14,0,0,1,0,0,0,0,0,0,1,0,0,0,22,1,1,1,1,1,0,0,0,0,0,0,0,0,0,1
1140588812,1062777293,1064986487,1084671806,2147411071,8307839,0,2,4,6,14,14,0,0,1,0,0,0,0,0,0,1,0,0,0,22,1,1,1,1,1,0,0,0,0,0,0,0,0,0,1
1141094811,1062777293,1064986487,1084671806,2147411071,8307839,0,2,4,6,14,14,0,0,1,0,0,0,0,0,0,1,0,0,0,22,1,1,1,1,1,0,0,0,0,0,0,0,0,0,1
1141591072,1062777293,1064986487,1084671806,2147411071,8307839,0,2,4,6,14,14,0,0,1,0,0,0,0,0,0,1,0,0,0,22,1,1,1,1,1,0,0,0,0,0,0,0,0,0,1
1142096830,1062777293,1064986487,1084671806,2147411071,8307839,0,2,4,6,14,14,0,0,1,0,0,0,0,0,0,1,0,0,0,22,1,1,1,1,1,0,0,0,0,0,0,0,0,0,1
1142603813,1062777293,1064986487,1084671806,2147411071,8307839,0,2,4,6,14,14,0,0,1,0,0,0,0,0,0,1,0,0,0,22,1,1,1,1,1,0,0,0,0,0,0,0,0,0,1
1143111364,1062777293,1064986487,1084671806,2147411071,8307839,0,2,4,6,14,14,0,0,1,0,0,0,0,0,0,1,0,0,0,22,1,1,1,1,1,0,0,0,0,0,0,0,0,0,1
1143606318,1062777293,1064986487,1084671806,2147411071,8307839,0,2,4,6,14,14,0,0,1,0,0,0,0,0,0,1,0,0,0,22,1,1,1,1,1,0,0,0,0,0,0,0,0,0,1
1144111886,1062777293,1064986487,1084671806,2147411071,8307839,0,2,4,6,14,14,0,0,1,0,0,0,0,0,0,1,0,0,0,22,1,1,1,1,1,0,0,0,0,0,0,0,0,0,1
1144617813,1062777293,1064986487,1084671806,2147411071,8307839,0,2,4,6,14,14,0,0,1,0,0,0,0,0,0,1,0,0,0,22,1,1,1,1,1,0,0,0,0,0,0,0,0,0,1
1145123811,1062777293,1064986487,1084671806,2147411071,8307839,0,2,4,6,14,14,0,0,1,0,0,0,0,0,0,1,0,0,0,22,1,1,1,1,1,0,0,0,0,0,0,0,0,0,1
1145630812,1062777293,1064986487,1084671806,2147411071,8307839,0,2,4,6,14,14,0,0,1,0,0,0,0,0,0,1,0,0,0,22,1,1,1,1,1,0,0,0,0,0,0,0,0,0,1
1146137833,1062777293,1064986487,1084671806,2147411071,8307839,0,2,4,6,14,14,0,0,1,0,0,0,0,0,0,1,0,0,0,22,1,1,1,1,1,0,0,0,0,0,0,0,0,0,1
1146632837,1062777293,1064986487,1084671806,2147411071,8307839,0,2,4,6,14,14,0,0,1,0,0,0,0,0,0,1,0,0,0,22,1,1,1,1,1,0,0,0,0,0,0,0,0,0,1
1147139971,1062777293,1064986487,1084671806,2147411071,8307839,0,2,4,6,14,14,0,0,1,0,0,0,0,0,0,1,0,0,0,22,1,1,1,1,1,0,0,0,0,0,0,0,0,0,1
1147646996,1062777293,1064986487,1084671806,2147411071,8307839,0,2,4,6,14,14,0,0,1,0,0,0,0,0,0,1,0,0,0,22,1,1,1,1,1,0,0,0,0,0,0,0,0,0,1
1148152810,1062777293,1064986487,1084671806,2147411071,8307839,0,2,4,6,14,14,0,0,1,0,0,0,0,0,0,1,0,0,0,22,1,1,1,1,1,0,0,0,0,0,0,0,0,0,1
1148647927,1062777293,1064986487,1084671806,2147411071,8307839,0,2,4,6,14,14,0,0,1,0,0,0,0,0,0,1,0,0,0,22,1,1,1,1,1,0,0,0,0,0,0,0,0,0,1
1149153811,1062777293,1064986487,1084671806,2147411071,8307839,0,2,4,6,14,14,0,0,1,0,0,0,0,0,0,1,0,0,0,22,1,1,1,1,1,0,0,0,0,0,0,0,0,0,1
1149660573,1062777293,1064986487,1084671806,2147411071,8307839,0,2,4,6,14,14,0,0,1,0,0,0,0,0,0,1,0,0,0,22,1,1,1,1,1,0,0,0,0,0,0,0,0,0,1
1150165813,1062777293,1064986487,1084671806,2147411071,8307839,0,2,4,6,14,14,0,0,1,0,0,0,0,0,0,1,0,0,0,22,1,1,1,1,1,0,0,0,0,0,0,0,0,0,1
1150672556,1062777293,1064986487,1084671806,2147411071,8307839,0,2,4,6,14,14,0,0,1,0,0,0,0,0,0,1,0,0,0,22,1,1,1,1,1,0,0,0,0,0,0,0,0,0,1
1151177812,1062777293,1064986487,1084671806,2147411071,8307839,0,2,4,6,14,14,0,0,1,0,0,0,0,0,0,1,0,0,0,22,1,1,1,1,1,0,0,0,0,0,0,0,0,0,1
1151672933,1062777293,1064986487,1084671806,2147411071,8307839,0,2,4,6,14,14,0,0,1,0,0,0,0,0,0,1,0,0,0,22,1,1,1,1,1,0,0,0,0,0,0,0,0,0,1
1152178884,1062777293,1064986487,1084671806,2147411071,8307839,0,2,4,6,14,14,0,0,1,0,0,0,0,0,0,1,0,0,0,22,1,1,1,1,1,0,0,0,0,0,0,0,0,0,1
1152684873,1062777293,1064986487,1084671806,2147411071,8307839,0,2,4,6,14,14,0,0,1,0,0,0,0,0,0,1,0,0,0,22,1,1,1,1,1,0,0,0,0,0,0,0,0,0,1
1153190986,1062777293,1064986487,1084671806,2147411071,8307839,0,2,4,6,14,14,0,0,1,0,0,0,0,0,0,1,0,0,0,22,1,1,1,1,1,0,0,0,0,0,0,0,0,0,1
1153698205,1062777293,1064986487,1084671806,2147411071,8307839,0,2,4,6,14,14,0,0,1,0,0,0,0,0,0,1,0,0,0,22,1,1,1,1,1,0,0,0,0,0,0,0,0,0,1
1154204811,1062777293,1064986487,1084671806,2147411071,8307839,0,2,4,6,14,14,0,0,1,0,0,0,0,0,0,1,0,0,0,22,1,1,1,1,1,0,0,0,0,0,0,0,0,0,1
1154699813,1062777293,1064986487,1084671806,2147411071,8307839,0,2,4,6,14,14,0,0,1,0,0,0,0,0,0,1,0,0,0,22,1,1,1,1,1,0,0,0,0,0,0,0,0,0,1
1155206831,1062777293,1064986487,1084671806,2147411071,8307839,0,2,4,6,14,14,0,0,1,0,0,0,0,0,0,1,0,0,0,22,1,1,1,1,1,0,0,0,0,0,0,0,0,0,1
1155712849,1062777293,1064986487,1084671806,2147411071,8307839,0,2,4,6,14,14,0,0,1,0,0,0,0,0,0,1,0,0,0,22,1,1,1,1,1,0,0,0,0,0,0,0,0,0,1
1156218829,1062777293,1064986487,1084671806,2147411071,8307839,0,2,4,6,14,14,0,0,1,0,0,0,0,0,0,1,0,0,0,22,1,1,1,1,1,0,0,0,0,0,0,0,0,0,1
1156713831,1062777293,1064986487,1084671806,2147411071,8307839,0,2,4,6,14,14,0,0,1,0,0,0,0,0,0,1,0,0,0,22,1,1,1,1,1,0,0,0,0,0,0,0,0,0,1
1157220011,1062777293,1064986487,1084671806,2147411071,8307839,0,2,4,6,14,14,0,0,1,0,0,0,0,0,0,1,0,0,0,22,1,1,1,1,1,0,0,0,0,0,0,0,0,0,1
1157726113,1062777293,1064986487,1084671806,2147411071,8307839,0,2,4,6,14,14,0,0,1,0,0,0,0,0,0,1,0,0,0,22,1,1,1,1,1,0,0,0,0,0,0,0,0,0,1
1158232830,1062777293,1064986487,1084671806,2147411071,8307839,0,2,4,6,14,14,0,0,1,0,0,0,0,0,0,1,0,0,0,22,1,1,1,1,1,0,0,0,0,0,0,0,0,0,1
1158740664,1062777293,1064986487,1084671806,2147411071,8307839,0,2,4,6,14,14,0,0,1,0,0,0,0,0,0,1,0,0,0,22,1,1,1,1,1,0,0,0,0,0,0,0,0,0,1
1160247880,1062777293,1064986487,1084671806,2147411071,8307839,0,2,4,6,14,14,0,0,1,0,0,0,0,0,0,1,0,0,0,22,1,1,1,1,1,0,0,0,0,0,0,0,0,0,1
1160753834,1062777293,1064986487,1084671806,2147411071,8307839,0,2,4,6,14,14,0,0,1,0,0,0,0,0,0,1,0,0,0,22,1,1,1,1,1,0,0,0,0,0,0,0,0,0,1
1161259813,1062777293,1064986487,1084671806,2147411071,8307839,0,2,4,6,14,14,0,0,1,0,0,0,0,0,0,1,0,0,0,22,1,1,1,1,1,0,0,0,0,0,0,0,0,0,1
1161765832,1062777293,1064986487,1084671806,2147411071,8307839,0,2,4,6,14,14,0,0,1,0,0,0,0,0,0,1,0,0,0,22,1,1,1,1,1,0,0,0,0,0,0,0,0,0,1
1162271810,1062777293,1064986487,1084671806,2147411071,8307839,0,2,4,6,14,14,0,0,1,0,0,0,0,0,0,1,0,0,0,22,1,1,1,1,1,0,0,0,0,0,0,0,0,0,1
1162766841,1062777293,1064986487,1084671806,2147411071,8307839,0,2,4,6,14,14,0,0,1,0,0,0,0,0,0,1,0,0,0,22,1,1,1,1,1,0,0,0,0,0,0,0,0,0,1
1163273825,1062777293,1064986487,1084671806,2147411071,8307839,0,2,4,6,14,14,0,0,1,0,0,0,0,0,0,1,0,0,0,22,1,1,1,1,1,0,0,0,0,0,0,0,0,0,1
1163781814,1062777293,1064986487,1084671806,2147411071,8307839,0,2,4,6,14,14,0,0,1,0,0,0,0,0,0,1,0,0,0,22,1,1,1,1,1,0,0,0,0,0,0,0,0,0,1
1164288827,1062777293,1064986487,1084671806,2147411071,8307839,0,2,4,6,14,14,0,0,1,0,0,0,0,0,0,1,0,0,0,22,1,1,1,1,1,0,0,0,0,0,0,0,0,0,1
1164784019,1062777293,1064986487,1084671806,2147411071,8307839,0,2,4,6,14,14,0,0,1,0,0,0,0,0,0,1,0,0,0,22,1,1,1,1,1,0,0,0,0,0,0,0,0,0,1
1165290538,1062777293,1064986487,1084671806,2147411071,8307839,0,2,4,6,14,14,0,0,1,0,0,0,0,0,0,1,0,0,0,22,1,1,1,1,1,0,0,0,0,0,0,0,0,0,1
1165795813,1062777293,1064986487,1084671806,2147411071,8307839,0,2,4,6,14,14,0,0,1,0,0,0,0,0,0,1,0,0,0,22,1,1,1,1,1,0,0,0,0,0,0,0,0,0,1
1166301825,1062777293,1064986487,1084671806,2147411071,8307839,0,2,4,6,14,14,0,0,1,0,0,0,0,0,0,1,0,0,0,22,1,1,1,1,1,0,0,0,0,0,0,0,0,0,1
1166807811,1062777293,1064986487,1084671806,2147411071,8307839,0,2,4,6,14,14,0,0,1,0,0,0,0,0,0,1,0,0,0,22,1,1,1,1,1,0,0,0,0,0,0,0,0,0,1
1167314183,1062777293,1064986487,1084671806,2147411071,8307839,0,2,4,6,14,14,0,0,1,0,0,0,0,0,0,1,0,0,0,22,1,1,1,1,1,0,0,0,0,0,0,0,0,0,1
1167809854,1062777293,1064986487,1084671806,2147411071,8307839,0,2,4,6,14,14,0,0,1,0,0,0,0,0,0,1,0,0,0,22,1,1,1,1,1,0,0,0,0,0,0,0,0,0,1
1168315811,1062777293,1064986487,1084671806,2147411071,8307839,0,2,4,6,14,14,0,0,1,0,0,0,0,0,0,1,0,0,0,22,1,1,1,1,1,0,0,0,0,0,0,0,0,0,1
1168823814,1062777293,1064986487,1084671806,2147411071,8307839,0,2,4,6,14,14,0,0,1,0,0,0,0,0,0,1,0,0,0,22,1,1,1,1,1,0,0,0,0,0,0,0,0,0,1
1169330046,1062777293,1064986487,1084671806,2147411071,8307839,0,2,4,6,14,14,0,0,1,0,0,0,0,0,0,1,0,0,0,22,1,1,1,1,1,0,0,0,0,0,0,0,0,0,1
1169825082,1062777293,1064986487,1084671806,2147411071,8307839,0,2,4,6,14,14,0,0,1,0,0,0,0,0,0,1,0,0,0,22,1,1,1,1,1,0,0,0,0,0,0,0,0,0,1
1170330811,1062777293,1064986487,1084671806,2147411071,8307839,0,2,4,6,14,14,0,0,1,0,0,0,0,0,0,1,0,0,0,22,1,1,1,1,1,0,0,0,0,0,0,0,0,0,1
1170836983,1062777293,1064986487,1084671806,2147411071,8307839,0,2,4,6,14,14,0,0,1,0,0,0,0,0,0,1,0,0,0,22,1,1,1,1,1,0,0,0,0,0,0,0,0,0,1
1171342880,1062777293,1064986487,1084671806,2147411071,8307839,0,2,4,6,14,14,0,0,1,0,0,0,0,0,0,1,0,0,0,22,1,1,1,1,1,0,0,0,0,0,0,0,0,0,1
1171837814,1062777293,1064986487,1084671806,2147411071,8307839,0,2,4,6,14,14,0,0,1,0,0,0,0,0,0,1,0,0,0,22,1,1,1,1,1,0,0,0,0,0,0,0,0,0,1
1172343872,1062777293,1064986487,1084671806,2147411071,8307839,0,2,4,6,14,14,0,0,1,0,0,0,0,0,0,1,0,0,0,22,1,1,1,1,1,0,0,0,0,0,0,0,0,0,1
1172851484,1062777293,1064986487,1084671806,2147411071,8307839,0,2,4,6,14,14,0,0,1,0,0,0,0,0,0,1,0,0,0,22,1,1,1,1,1,0,0,0,0,0,0,0,0,0,1
1173357811,1062777293,1064986487,1084671806,2147411071,8307839,0,2,4,6,14,14,0,0,1,0,0,0,0,0,0,1,0,0,0,22,1,1,1,1,1,0,0,0,0,0,0,0,0,0,1
1173864813,1062777293,1064986487,1084671806,2147411071,8307839,0,2,4,6,14,14,0,0,1,0,0,0,0,0,0,1,0,0,0,22,1,1,1,1,1,0,0,0,0,0,0,0,0,0,1
1174370811,1062777293,1064986487,1084671806,2147411071,8307839,0,2,4,6,14,14,0,0,1,0,0,0,0,0,0,1,0,0,0,22,1,1,1,1,1,0,0,0,0,0,0,0,0,0,1
1174865821,1062777293,1064986487,1084671806,2147411071,8307839,0,2,4,6,14,14,0,0,1,0,0,0,0,0,0,1,0,0,0,22,1,1,1,1,1,0,0,0,0,0,0,0,0,0,1
1175371813,1062777293,1064986487,1084671806,2147411071,8307839,0,2,4,6,14,14,0,0,1,0,0,0,0,0,0,1,0,0,0,22,1,1,1,1,1,0,0,0,0,0,0,0,0,0,1
1175877831,1062777293,1064986487,1084671806,2147411071,8307839,0,2,4,6,14,14,0,0,1,0,0,0,0,0,0,1,0,0,0,22,1,1,1,1,1,0,0,0,0,0,0,0,0,0,1
1176384416,1062777293,1064986487,1084671806,2147411071,8307839,0,2,4,6,14,14,0,0,1,0,0,0,0,0,0,1,0,0,0,22,1,1,1,1,1,0,0,0,0,0,0,0,0,0,1
1176879256,1062777293,1064986487,1084671806,2147411071,8307839,0,2,4,6,14,14,0,0,1,0,0,0,0,0,0,1,0,0,0,22,1,1,1,1,1,0,0,0,0,0,0,0,0,0,1
1177384811,1062777293,1064986487,1084671806,2147411071,8307839,0,2,4,6,14,14,0,0,1,0,0,0,0,0,0,1,0,0,0,22,1,1,1,1,1,0,0,0,0,0,0,0,0,0,1
1177890814,1062777293,1064986487,1084671806,2147411071,8307839,0,2,4,6,14,14,0,0,1,0,0,0,0,0,0,1,0,0,0,22,1,1,1,1,1,0,0,0,0,0,0,0,0,0,1
1178396991,1062777293,1064986487,1084671806,2147411071,8307839,0,2,4,6,14,14,0,0,1,0,0,0,0,0,0,1,0,0,0,22,1,1,1,1,1,0,0,0,0,0,0,0,0,0,1
1178903003,1062777293,1064986487,1084671806,2147411071,8307839,0,2,4,6,14,14,0,0,1,0,0,0,0,0,0,1,0,0,0,22,1,1,1,1,1,0,0,0,0,0,0,0,0,0,1
1179409974,1062777293,1064986487,1084671806,2147411071,8307839,0,2,4,6,14,14,0,0,1,0,0,0,0,0,0,1,0,0,0,22,1,1,1,1,1,0,0,0,0,0,0,0,0,0,1
1179904814,1062777293,1064986487,1084671806,2147411071,8307839,0,2,4,6,14,14,0,0,1,0,0,0,0,0,0,1,0,0,0,22,1,1,1,1,1,0,0,0,0,0,0,0,0,0,1
1180410811,1062777293,1064986487,1084671806,2147411071,8307839,0,2,4,6,14,14,0,0,1,0,0,0,0,0,0,1,0,0,0,22,1,1,1,1,1,0,0,0,0,0,0,0,0,0,1
1180917387,1062777293,1064986487,1084671806,2147411071,8307839,0,2,4,6,14,14,0,0,1,0,0,0,0,0,0,1,0,0,0,22,1,1,1,1,1,0,0,0,0,0,0,0,0,0,1
1181422848,1062777293,1064986487,1084671806,2147411071,8307839,0,2,4,6,14,14,0,0,1,0,0,0,0,0,0,1,0,0,0,22,1,1,1,1,1,0,0,0,0,0,0,0,0,0,1
1181929033,1062777293,1064986487,1084671806,2147411071,8307839,0,2,4,6,14,14,0,0,1,0,0,0,0,0,0,1,0,0,0,22,1,1,1,1,1,0,0,0,0,0,0,0,0,0,1
1182434811,1062777293,1064986487,1084671806,2147411071,8307839,0,2,4,6,14,14,0,0,1,0,0,0,0,0,0,1,0,0,0,22,1,1,1,1,1,0,0,0,0,0,0,0,0,0,1
1182929814,1062777293,1064986487,1084671806,2147411071,8307839,0,2,4,6,14,14,0,0,1,0,0,0,0,0,0,1,0,0,0,22,1,1,1,1,1,0,0,0,0,0,0,0,0,0,1
1183436079,1062777293,1064986487,1084671806,2147411071,8307839,0,2,4,6,14,14,0,0,1,0,0,0,0,0,0,1,0,0,0,22,1,1,1,1,1,0,0,0,0,0,0,0,0,0,1
1183941811,1062777293,1064986487,1084671806,2147411071,8307839,0,2,4,6,14,14,0,0,1,0,0,0,0,0,0,1,0,0,0,22,1,1,1,1,1,0,0,0,0,0,0,0,0,0,1
1184448810,1062777293,1064986487,1084671806,2147411071,8307839,0,2,4,6,14,14,0,0,1,0,0,0,0,0,0,1,0,0,0,22,1,1,1,1,1,0,0,0,0,0,0,0,0,0,1
1184955144,1062777293,1064986487,1084671806,2147411071,8307839,0,2,4,6,14,14,0,0,1,0,0,0,0,0,0,1,0,0,0,22,1,1,1,1,1,0,0,0,0,0,0,0,0,0,1
1185461970,1062777293,1064986487,1084671806,2147411071,8307839,0,2,4,6,14,14,0,0,1,0,0,0,0,0,0,1,0,0,0,22,1,1,1,1,1,0,0,0,0,0,0,0,0,0,1
1185956811,1062777293,1064986487,1084671806,2147411071,8307839,0,2,4,6,14,14,0,0,1,0,0,0,0,0,0,1,0,0,0,22,1,1,1,1,1,0,0,0,0,0,0,0,0,0,1
1186462986,1062777293,1064986487,1084671806,2147411071,8307839,0,2,4,6,14,14,0,0,1,0,0,0,0,0,0,1,0,0,0,22,1,1,1,1,1,0,0,0,0,0,0,0,0,0,1
1186968995,1062777293,1064986487,1084671806,2147411071,8307839,0,2,4,6,14,14,0,0,1,0,0,0,0,0,0,1,0,0,0,22,1,1,1,1,1,0,0,0,0,0,0,0,0,0,1
1187475894,1062777293,1064986487,1084671806,2147411071,8307839,0,2,4,6,14,14,0,0,1,0,0,0,0,0,0,1,0,0,0,22,1,1,1,1,1,0,0,0,0,0,0,0,0,0,1
1187971848,1062777293,1064986487,1084671806,2147411071,8307839,0,2,4,6,14,14,0,0,1,0,0,0,0,0,0,1,0,0,0,22,1,1,1,1,1,0,0,0,0,0,0,0,0,0,1
1188478374,1062777293,1064986487,1084671806,2147411071,8307839,0,2,4,6,14,14,0,0,1,0,0,0,0,0,0,1,0,0,0,22,1,1,1,1,1,0,0,0,0,0,0,0,0,0,1
1188983833,1062777293,1064986487,1084671806,2147411071,8307839,0,2,4,6,14,14,0,0,1,0,0,0,0,0,0,1,0,0,0,22,1,1,1,1,1,0,0,0,0,0,0,0,0,0,1
1189490992,1062777293,1064986487,1084671806,2147411071,8307839,0,2,4,6,14,14,0,0,1,0,0,0,0,0,0,1,0,0,0,22,1,1,1,1,1,0,0,0,0,0,0,0,0,0,1
1189996812,1062777293,1064986487,1084671806,2147411071,8307839,0,2,4,6,14,14,0,0,1,0,0,0,0,0,0,1,0,0,0,22,1,1,1,1,1,0,0,0,0,0,0,0,0,0,1
1190502840,1062777293,1064986487,1084671806,2147411071,8307839,0,2,4,6,14,14,0,0,1,0,0,0,0,0,0,1,0,0,0,22,1,1,1,1,1,0,0,0,0,0,0,0,0,0,1
1190997812,1062777293,1064986487,1084671806,2147411071,8307839,0,2,4,6,14,14,0,0,1,0,0,0,0,0,0,1,0,0,0,22,1,1,1,1,1,0,0,0,0,0,0,0,0,0,1
1191503901,1062777293,1064986487,1084671806,2147411071,8307839,0,2,4,6,14,14,0,0,1,0,0,0,0,0,0,1,0,0,0,22,1,1,1,1,1,0,0,0,0,0,0,0,0,0,1
1192009812,1062777293,1064986487,1084671806,2147411071,8307839,0,2,4,6,14,14,0,0,1,0,0,0,0,0,0,1,0,0,0,22,1,1,1,1,1,0,0,0,0,0,0,0,0,0,1
1192516811,1062777293,1064986487,1084671806,2147411071,8307839,0,2,4,6,14,14,0,0,1,0,0,0,0,0,0,1,0,0,0,22,1,1,1,1,1,0,0,0,0,0,0,0,0,0,1
1193022813,1062777293,1064986487,1084671806,2147411071,8307839,0,2,4,6,14,14,0,0,1,0,0,0,0,0,0,1,0,0,0,22,1,1,1,1,1,0,0,0,0,0,0,0,0,0,1
1193528812,1062777293,1064986487,1084671806,2147411071,8307839,0,2,4,6,14,14,0,0,1,0,0,0,0,0,0,1,0,0,0,22,1,1,1,1,1,0,0,0,0,0,0,0,0,0,1
1194023845,1062777293,1064986487,1084671806,2147411071,8307839,0,2,4,6,14,14,0,0,1,0,0,0,0,0,0,1,0,0,0,22,1,1,1,1,1,0,0,0,0,0,0,0,0,0,1
1194530035,1062777293,1064986487,1084671806,2147411071,8307839,0,2,4,6,14,14,0,0,1,0,0,0,0,0,0,1,0,0,0,22,1,1,1,1,1,0,0,0,0,0,0,0,0,0,1
1195036261,1062777293,1064986487,1084671806,2147411071,8307839,0,2,4,6,14,14,0,0,1,0,0,0,0,0,0,1,0,0,0,22,1,1,1,1,1,0,0,0,0,0,0,0,0,0,1
1195541928,1062777293,1064986487,1084671806,2147411071,8307839,0,2,4,6,14,14,0,0,1,0,0,0,0,0,0,1,0,0,0,22,1,1,1,1,1,0,0,0,0,0,0,0,0,0,1
1196049464,1062777293,1064986487,1084671806,2147411071,8307839,0,2,4,6,14,14,0,0,1,0,0,0,0,0,0,1,0,0,0,22,1,1,1,1,1,0,0,0,0,0,0,0,0,0,1
1196554811,1062777293,1064986487,1084671806,2147411071,8307839,0,2,4,6,14,14,0,0,1,0,0,0,0,0,0,1,0,0,0,22,1,1,1,1,1,0,0,0,0,0,0,0,0,0,1
1197049811,1062777293,1064986487,1084671806,2147411071,8307839,0,2,4,6,14,14,0,0,1,0,0,0,0,0,0,1,0,0,0,22,1,1,1,1,1,0,0,0,0,0,0,0,0,0,1
1197556834,1062777293,1064986487,1084671806,2147411071,8307839,0,2,4,6,14,14,0,0,1,0,0,0,0,0,0,1,0,0,0,22,1,1,1,1,1,0,0,0,0,0,0,0,0,0,1
1198063178,1062777293,1064986487,1084671806,2147411071,8307839,0,2,4,6,14,14,0,0,1,0,0,0,0,0,0,1,0,0,0,22,1,1,1,1,1,0,0,0,0,0,0,0,0,0,1
1198568824,1062777293,1064986487,1084671806,2147411071,8307839,0,2,4,6,14,14,0,0,1,0,0,0,0,0,0,1,0,0,0,22,1,1,1,1,1,0,0,0,0,0,0,0,0,0,1
1199074989,1062777293,1064986487,1084671806,2147411071,8307839,0,2,4,6,14,14,0,0,1,0,0,0,0,0,0,1,0,0,0,22,1,1,1,1,1,0,0,0,0,0,0,0,0,0,1
1199580832,1062777293,1064986487,1084671806,2147411071,8307839,0,2,4,6,14,14,0,0,1,0,0,0,0,0,0,1,0,0,0,22,1,1,1,1,1,0,0,0,0,0,0,0,0,0,1
1200075830,1062777293,1064986487,1084671806,2147411071,8307839,0,2,4,6,14,14,0,0,1,0,0,0,0,0,0,1,0,0,0,22,1,1,1,1,1,0,0,0,0,0,0,0,0,0,1
1200582881,1062777293,1064986487,1084671806,2147411071,8307839,0,2,4,6,14,14,0,0,1,0,0,0,0,0,0,1,0,0,0,22,1,1,1,1,1,0,0,0,0,0,0,0,0,0,1
1201088984,1062777293,1064986487,1084671806,2147411071,8307839,0,2,4,6,14,14,0,0,1,0,0,0,0,0,0,1,0,0,0,22,1,1,1,1,1,0,0,0,0,0,0,0,0,0,1
1201594811,1062777293,1064986487,1084671806,2147411071,8307839,0,2,4,6,14,14,0,0,1,0,0,0,0,0,0,1,0,0,0,22,1,1,1,1,1,0,0,0,0,0,0,0,0,0,1
1202089812,1062777293,1064986487,1084671806,2147411071,8307839,0,2,4,6,14,14,0,0,1,0,0,0,0,0,0,1,0,0,0,22,1,1,1,1,1,0,0,0,0,0,0,0,0,0,1
1202596078,1062777293,1064986487,1084671806,2147411071,8307839,0,2,4,6,14,14,0,0,1,0,0,0,0,0,0,1,0,0,0,22,1,1,1,1,1,0,0,0,0,0,0,0,0,0,1
1203101834,1062777293,1064986487,1084671806,2147411071,8307839,0,2,4,6,14,14,0,0,1,0,0,0,0,0,0,1,0,0,0,22,1,1,1,1,1,0,0,0,0,0,0,0,0,0,1
1203609811,1062777293,1064986487,1084671806,2147411071,8307839,0,2,4,6,14,14,0,0,1,0,0,0,0,0,0,1,0,0,0,22,1,1,1,1,1,0,0,0,0,0,0,0,0,0,1
1204017487,1062777293,1064986487,1084671806,2147411071,8307839,0,2,4,6,14,14,0,0,1,0,0,0,0,0,0,1,0,0,0,22,1,1,1,1,1,0,0,0,0,0,0,0,0,0,1
1204028003,1062777293,1064986487,1204027803,2147411071,8307839,0,2,4,6,18,18,0,0,1,0,0,0,0,0,0,1,0,0,0,22,1,1,1,1,1,0,0,0,0,0,0,0,0,0,1
1204038890,1062777293,1064986487,1204027803,2147411071,8307839,0,2,4,6,18,18,0,0,1,0,0,0,0,0,0,1,0,0,0,22,1,1,1,1,1,0,0,0,0,0,0,0,0,0,1
1204115827,1062777293,1064986487,1204027803,2147411071,8307839,0,2,4,6,18,18,0,0,1,0,0,0,0,0,0,1,0,0,0,22,1,1,1,1,1,0,0,0,0,0,0,0,0,0,1
1204621850,1062777293,1064986487,1204027803,2147411071,8307839,0,2,4,6,18,18,0,0,1,0,0,0,0,0,0,1,0,0,0,22,1,1,1,1,1,0,0,0,0,0,0,0,0,0,1
1205117028,1062777293,1064986487,1204027803,2147411071,8307839,0,2,4,6,18,18,0,0,1,0,0,0,0,0,0,1,0,0,0,22,1,1,1,1,1,0,0,0,0,0,0,0,0,0,1
1205622811,1062777293,1064986487,1204027803,2147411071,8307839,0,2,4,6,18,18,0,0,1,0,0,0,0,0,0,1,0,0,0,22,1,1,1,1,1,0,0,0,0,0,0,0,0,0,1
1206129134,1062777293,1064986487,1204027803,2147411071,8307839,0,2,4,6,18,18,0,0,1,0,0,0,0,0,0,1,0,0,0,22,1,1,1,1,1,0,0,0,0,0,0,0,0,0,1
1206634829,1062777293,1064986487,1204027803,2147411071,8307839,0,2,4,6,18,18,0,0,1,0,0,0,0,0,0,1,0,0,0,22,1,1,1,1,1,0,0,0,0,0,0,0,0,0,1
1207141814,1062777293,1064986487,1204027803,2147411071,8307839,0,2,4,6,18,18,0,0,1,0,0,0,0,0,0,1,0,0,0,22,1,1,1,1,1,0,0,0,0,0,0,0,0,0,1
1207649099,1062777293,1064986487,1204027803,2147411071,8307839,0,2,4,6,18,18,0,0,1,0,0,0,0,0,0,1,0,0,0,22,1,1,1,1,1,0,0,0,0,0,0,0,0,0,1
1208143810,1062777293,1064986487,1204027803,2147411071,8307839,0,2,4,6,18,18,0,0,1,0,0,0,0,0,0,1,0,0,0,22,1,1,1,1,1,0,0,0,0,0,0,0,0,0,1
1208650831,1062777293,1064986487,1204027803,2147411071,8307839,0,2,4,6,18,18,0,0,1,0,0,0,0,0,0,1,0,0,0,22,1,1,1,1,1,0,0,0,0,0,0,0,0,0,1
1209156833,1062777293,1064986487,1204027803,2147411071,8307839,0,2,4,6,18,18,0,0,1,0,0,0,0,0,0,1,0,0,0,22,1,1,1,1,1,0,0,0,0,0,0,0,0,0,1
1209662813,1062777293,1064986487,1204027803,2147411071,8307839,0,2,4,6,18,18,0,0,1,0,0,0,0,0,0,1,0,0,0,22,1,1,1,1,1,0,0,0,0,0,0,0,0,0,1
1210157855,1062777293,1064986487,1204027803,2147411071,8307839,0,2,4,6,18,18,0,0,1,0,0,0,0,0,0,1,0,0,0,22,1,1,1,1,1,0,0,0,0,0,0,0,0,0,1
1210663812,1062777293,1064986487,1204027803,2147411071,8307839,0,2,4,6,18,18,0,0,1,0,0,0,0,0,0,1,0,0,0,22,1,1,1,1,1,0,0,0,0,0,0,0,0,0,1
1211169995,1062777293,1064986487,1204027803,2147411071,8307839,0,2,4,6,18,18,0,0,1,0,0,0,0,0,0,1,0,0,0,22,1,1,1,1,1,0,0,0,0,0,0,0,0,0,1
1211675843,1062777293,1064986487,1204027803,2147411071,8307839,0,2,4,6,18,18,0,0,1,0,0,0,0,0,0,1,0,0,0,22,1,1,1,1,1,0,0,0,0,0,0,0,0,0,1
1212181813,1062777293,1064986487,1204027803,2147411071,8307839,0,2,4,6,18,18,0,0,1,0,0,0,0,0,0,1,0,0,0,22,1,1,1,1,1,0,0,0,0,0,0,0,0,0,1
1212687817,1062777293,1064986487,1204027803,2147411071,8307839,0,2,4,6,18,18,0,0,1,0,0,0,0,0,0,1,0,0,0,22,1,1,1,1,1,0,0,0,0,0,0,0,0,0,1
1213182964,1062777293,1064986487,1204027803,2147411071,8307839,0,2,4,6,18,18,0,0,1,0,0,0,0,0,0,1,0,0,0,22,1,1,1,1,1,0,0,0,0,0,0,0,0,0,1
1213688812,1062777293,1064986487,1204027803,2147411071,8307839,0,2,4,6,18,18,0,0,1,0,0,0,0,0,0,1,0,0,0,22,1,1,1,1,1,0,0,0,0,0,0,0,0,0,1
1214195097,1062777293,1064986487,1204027803,2147411071,8307839,0,2,4,6,18,18,0,0,1,0,0,0,0,0,0,1,0,0,0,22,1,1,1,1,1,0,0,0,0,0,0,0,0,0,1
1214700862,1062777293,1064986487,1204027803,2147411071,8307839,0,2,4,6,18,18,0,0,1,0,0,0,0,0,0,1,0,0,0,22,1,1,1,1,1,0,0,0,0,0,0,0,0,0,1
1215196975,1062777293,1064986487,1204027803,2147411071,8307839,0,2,4,6,18,18,0,0,1,0,0,0,0,0,0,1,0,0,0,22,1,1,1,1,1,0,0,0,0,0,0,0,0,0,1
1215384148,0,0,1215383952,2147411071,8307839,0,1,4,6,14,14,0,0,1,0,0,0,0,0,0,1,0,0,0,22,1,1,1,1,1,0,0,0,0,0,0,0,0,0,1
1215404073,0,0,1215383952,2147411071,8307839,0,1,4,6,14,14,0,0,1,0,0,0,0,0,0,1,0,0,0,22,1,1,1,1,1,0,0,0,0,0,0,0,0,0,1
1215912833,0,0,1215383952,2147411071,8307839,0,1,4,6,14,14,0,0,1,0,0,0,0,0,0,1,0,0,0,22,1,1,1,1,1,0,0,0,0,0,0,0,0,0,1
1216221815,0,0,1215383952,2147411071,8307839,0,1,4,6,14,14,0,0,1,0,0,0,0,0,0,1,0,0,0,22,1,1,1,1,1,0,0,0,0,0,0,0,0,0,1
